0,51.5092544613394,-0.161045402091413,-0.0160032149640118,0.0357038268628241,-1.542892291
0.5,51.5092471796586,-0.161042019640145,0.106286669455215,-0.00440181543306008,-2.41010093503662
1,51.5092463368818,-0.161043716350718,0.253909721800493,0.00577714797815902,-1.78649077499095
1.5,51.509248559842,-0.161043792071735,0.481398484948211,0.00710805945244611,-1.74766753539658
2,51.5092516366031,-0.161043800836542,0.686705437710142,0.0109793416835093,-2.13019280970602
2.5,51.5092557237437,-0.161044191860845,0.940610194457183,0.0231227780343832,-1.70056702902886
3,51.5092605923168,-0.161043615883066,1.19309735086213,0.0267328553680661,-1.15477683089897
3.5,51.5092659678782,-0.161042951284018,1.23101766928129,0.00284275342471934,-0.846493335633975
4,51.5092717564434,-0.161042445721807,1.30596556614747,-0.0260219235576555,-2.12003711653051
4.5,51.509277488281,-0.161041861952338,1.18558035540349,-0.00217104885747636,-1.90856366590268
5,51.5092830098357,-0.161041535056354,1.26285257574557,0.010666864491336,-1.61678654074084
5.5,51.5092888479809,-0.161041325306453,1.27927855229188,-0.0140741758106374,-1.37286947154927
6,51.5092944519984,-0.161040988760029,1.25714744556559,0.00747126056772698,-2.00570358752638
6.5,51.5093000420821,-0.161040513357664,1.22633746212386,0.0358597504043371,-1.12106671095685
7,51.5093057552891,-0.161040090993155,1.22434792606224,0.000554870503259424,-1.21505225479729
7.5,51.5093113808708,-0.161039639206927,1.29448303865316,0.00516030534388237,-0.787259220649903
8,51.5093171166768,-0.161039164082214,1.21484885340881,-0.00245165828839261,-1.25366576619925
8.5,51.5093227465362,-0.161038750292572,1.27894066253722,-0.0188626126097641,-1.79948848685712
9,51.509328524151,-0.161038410631859,1.21395324693883,0.0215655469084002,-2.00768140285726
9.5,51.5093341255333,-0.161037953247293,1.31476265543447,0.0684859726960038,0.245785748273241
10,51.5093399062185,-0.161037435172651,1.19295780703488,0.0418859248455271,0.868143507576553
10.5,51.5093454511309,-0.161037094532974,1.27040890895465,-0.000819984712159168,0.614387087283817
11,51.5093512175572,-0.161037010459907,1.22775767670717,0.0125121110011859,0.349064834771606
11.5,51.5093568144449,-0.161036762670715,1.30917976155331,0.0106287748433255,-0.254089245048595
12,51.50936261497,-0.161036681777171,1.21135766083556,0.00232210446053754,-0.646130444493972
12.5,51.5093681483202,-0.161036678559585,1.29375677644294,-0.00901529182475376,-0.583854402524118
13,51.5093738837862,-0.161036669235151,1.19848604417577,-0.0105027019290458,-1.25616768004184
13.5,51.5093794102527,-0.161036662106876,1.27931906122261,-0.00366324578661256,-1.88248630023681
14,51.5093851888773,-0.161036627720787,1.21708062998092,0.0130614190815613,-2.17909859034326
14.5,51.5093907314684,-0.161036743281988,1.28250191197677,-0.00817785739864436,-1.61433253177688
15,51.509396468682,-0.161036870120532,1.19643675487248,-0.0418119316167016,-2.25162774462205
15.5,51.5094019068633,-0.161036997612434,1.28680350151512,-0.0441528666699105,-3.65964772925224
16,51.509407529506,-0.161037153607471,1.20875274371005,-0.00176980798546196,-3.96164006079768
16.5,51.509413037351,-0.161037174939196,1.24970951953304,0.00751179228690017,-3.15330219838825
17,51.509418554287,-0.161037123035143,1.21808914200345,-0.00576316522377715,-2.70740824786968
17.5,51.5094240565064,-0.161037105089412,1.24977791446101,-0.0135144738894208,-2.78869648637704
18,51.509429696666,-0.161037064862403,1.20982793324019,0.00542712455940299,-2.79424315271149
18.5,51.509435177064,-0.161037008891156,1.27122720300908,-0.00101763303810978,-2.33222591359671
19,51.5094408580549,-0.161036904654081,1.17761030793534,0.000854054934453386,-2.01022644991506
19.5,51.5094462951749,-0.161036776997573,1.32662590126888,0.026136820159625,-1.31860262795143
20,51.5094521265448,-0.161036587720837,1.17633150984135,0.0155437841749372,-1.22630717613135
20.5,51.5094575639279,-0.16103640691401,1.27267016345643,-0.00470346582758494,-1.27751755551127
21,51.5094631607384,-0.161036259230474,1.217504045272,0.00956455197590368,-1.83901960396788
21.5,51.5094686415432,-0.161036107324288,1.25928059884294,0.0320224929547045,-0.72041717522629
22,51.5094743019682,-0.161036012463823,1.21662721555493,-0.0207036768787883,-1.17434219814518
22.5,51.5094798328809,-0.161036076241287,1.24485903643398,-0.0366528872463636,-1.99771945606167
23,51.5094854501431,-0.161036276786054,1.26744000265315,0.00292181826707549,-1.13948135444811
23.5,51.5094910208705,-0.161036180149086,1.20409905111178,0.00881765485653858,-0.887559812919592
24,51.5094964921673,-0.161036053845492,1.26602206547011,-0.010477900844384,-1.54292734686783
24.5,51.5095021025448,-0.161036084348238,1.21300364877152,0.00191364696022733,-1.63327183758489
25,51.5095076274333,-0.16103610415597,1.27190121185653,0.00984909628846228,-1.50116477923585
25.5,51.509513299968,-0.16103619677134,1.24305088078691,-0.0363126599365915,-1.68158268467725
26,51.509518965688,-0.161036278702931,1.25971277057143,-0.00895828689739078,-1.73319237333541
26.5,51.509524605145,-0.161036347944128,1.24755478112021,-0.0360356465801852,-2.73896970535339
27,51.5095301071575,-0.161036488483397,1.23436462086561,-0.00947307634041015,-2.71519252785615
27.5,51.5095356503888,-0.161036739835151,1.23207852556645,-0.00447803960227926,-1.62866855509915
28,51.5095412285959,-0.161036867458508,1.25572193912507,-0.0462595814065692,-1.78258062503028
28.5,51.5095468440095,-0.161037147957004,1.22958372028886,-0.0407600115307586,-1.50433121695662
29,51.5095524063714,-0.16103742909277,1.25179788635197,-0.0607699210711267,-2.41574930193988
29.5,51.5095580063969,-0.161037720737731,1.24211579303615,-0.0426822929493838,-2.32972061689088
30,51.5095636147156,-0.161037886366319,1.25098897417172,-0.0103984057480462,-2.48883202540431
30.5,51.509569235295,-0.161037971522388,1.25872459029075,-0.0127890075884793,-2.66474809052957
31,51.509574894036,-0.161038071866295,1.23792241853258,0.0101524072722381,-1.75396000063002
31.5,51.5095804473904,-0.161038025826393,1.23626467476776,-0.0126711364426503,-1.62407404943902
32,51.5095859874909,-0.16103813284169,1.23937304830209,0.00193296006655274,-0.369216135198098
32.5,51.5095909629014,-0.16103819895325,1.06893527579328,-0.0365412873547385,-1.27327445127425
33,51.5095950395165,-0.161038360969405,0.769180146757243,-0.0485433480223101,-2.89528467708033
33.5,51.5095978753549,-0.16103865117528,0.596614156521628,-0.0246284082065374,-2.5232838286159
34,51.5095997442062,-0.161038787912863,0.246069404832834,-0.013549287455709,-1.73662331387642
34.5,51.5096008498359,-0.161038584445862,0.197251308784323,0.0462409794545137,13.7184527856572
35,51.5096018583779,-0.161037928245021,0.275330243669685,0.119717509236115,28.5805220504456
35.5,51.5096028722101,-0.161036844770595,0.15930429469961,0.154955639233625,43.7162034008745
36,51.5096034416555,-0.161035529059541,0.158046323307847,0.226879915240256,59.3441444490399
36.5,51.5096039272904,-0.161033867945364,0.0365194781079878,0.201230001151747,74.652785291147
37,51.5096040213978,-0.161032337176527,0.0401048459345778,0.260678318543144,88.9457183402393
37.5,51.5096039791622,-0.161030463546586,-0.0624412037027922,0.179738435251509,103.560513522257
38,51.5096035269876,-0.161028965309181,-0.105906815560696,0.267394899906278,117.41355196725
38.5,51.50960291443,-0.161027348911438,-0.151652667015453,0.139286674697825,131.078427243099
39,51.509602028485,-0.161026364151332,-0.215218277035441,0.163038511267621,145.102959964308
39.5,51.5096010452503,-0.161025472601088,-0.242854171969612,0.0621850703296941,161.735724596077
40,51.5095998824732,-0.161025194596254,-0.224765761534265,0.0213782938585466,177.372712764704
40.5,51.5095981665905,-0.161025004478183,-0.469740334980006,0.0161540759389303,177.638273530163
41,51.5095953773571,-0.161025062519669,-0.722373257993279,-0.00981151534868897,177.574847814189
41.5,51.5095914268796,-0.161025037736962,-0.953729498226413,-0.0274400245619249,179.638997799812
42,51.5095864450533,-0.161025135428819,-1.21846286133955,-0.0223973314194878,180.269459905925
42.5,51.5095809159979,-0.161025164986521,-1.28266615101936,0.044577976178947,178.721395541364
43,51.5095752188311,-0.161024940018563,-1.29098654207736,0.0219601268574546,177.991499268327
43.5,51.5095695544788,-0.161024803513213,-1.20816147461338,-0.0246057081355043,178.884092489639
44,51.5095640411092,-0.161024942166134,-1.26541975885168,-0.00594070336096644,178.736506665098
44.5,51.5095584092947,-0.161024918749214,-1.22361556011127,-0.00858816237742828,179.239098903482
45,51.5095527944418,-0.161024814530553,-1.23743798714717,0.0243801933835492,178.641493259186
45.5,51.5095471445044,-0.161024762449123,-1.23631423587822,-0.00892659118817945,178.960187178377
46,51.5095415384705,-0.161024707053294,-1.30667087747815,-0.0168804189922645,179.440963716418
46.5,51.5095358589912,-0.161024887739623,-1.18758010378675,-0.00514856681732703,179.125415713799
47,51.5095303147143,-0.161025019775044,-1.26583779896621,-0.0154618099944296,178.26957289247
47.5,51.509524656687,-0.161025171663914,-1.21723190121557,-0.0310455795887986,177.741584917102
48,51.5095190924775,-0.161025350666759,-1.26343924433563,-0.0392653894770766,177.934183765994
48.5,51.5095134051461,-0.161025412782759,-1.29679710213773,-0.0300408795545416,178.907864079972
49,51.5095076979298,-0.161025569092038,-1.23130675200789,-0.0297526242895966,179.310338010826
49.5,51.5095020769859,-0.161025547160284,-1.25487484696655,0.0521919210112019,177.497035707688
50,51.5094963760626,-0.161025328987292,-1.27510014841438,-0.019317712465987,178.397662183782
50.5,51.5094907035349,-0.161025308496299,-1.24775046387912,0.0223695655256395,177.642589732882
51,51.5094849947384,-0.161025247443955,-1.27226000825311,0.0375764477409228,176.899961783151
51.5,51.5094793181282,-0.161025034355068,-1.25881794911006,-0.0213066599581331,177.710643283561
52,51.509473681492,-0.161024968993502,-1.2141799799016,-0.00562057918652586,178.956912634564
52.5,51.5094681717868,-0.161024951726693,-1.27816965365566,0.0320797420574769,178.437794804235
53,51.5094625189212,-0.161024866565392,-1.23248773315242,-0.00792976030624018,179.312897721379
53.5,51.5094568593444,-0.161024804349072,-1.2316181143004,-0.0257219313986706,180.24162121064
54,51.5094512757631,-0.161024894291529,-1.31651006950001,0.0044005333695219,180.352892923162
54.5,51.509445452777,-0.161024894753804,-1.20623988486409,0.000847592064162878,180.394479630671
55,51.5094398805174,-0.161024900686102,-1.31711110223193,0.0253991143672371,179.060257912343
55.5,51.5094341457621,-0.161024694073843,-1.24223308562031,0.0184609615504207,178.234552739625
56,51.5094284712687,-0.161024641106032,-1.23281905417002,-0.00156204745092005,177.300793860586
56.5,51.5094229321568,-0.161024564390873,-1.29489573799917,0.0211826215320218,177.103546640794
57,51.5094172171563,-0.161024436681263,-1.21059845130466,-0.00550287753635594,176.935977418986
57.5,51.5094116951853,-0.16102428254321,-1.29587070648487,0.0129225942946953,177.369071674887
58,51.5094059268033,-0.161023992021775,-1.22034046849457,0.0846582590985791,175.420032718066
58.5,51.5094003328203,-0.161023593745205,-1.26158980736596,0.0456927653272833,175.940771657369
59,51.5093946264131,-0.161023349637461,-1.27842113894538,-0.0131996419784402,177.069213859312
59.5,51.5093889434348,-0.161023300599178,-1.26591933912071,0.0347950024109359,176.939165799214
60,51.5093832375874,-0.1610230796119,-1.24364111932264,0.00256128720905509,178.102610988248
60.5,51.5093776283126,-0.161023069653109,-1.28719848655245,-0.0037496040142474,178.591596428452
61,51.509371951213,-0.161023198522967,-1.23528713180295,0.00398934793709885,177.932964822992
61.5,51.5093663738005,-0.161023299388266,-1.22437416353691,-0.0491059719169641,179.033176828042
62,51.5093607897392,-0.16102354635451,-1.26150656151191,-0.0349411830971253,179.343779480552
62.5,51.5093551120403,-0.161023680954935,-1.25547252036695,-0.00495129188619135,178.66404188207
63,51.5093494818864,-0.161023783104341,-1.25408216775459,-0.0600025958122927,180.287026384606
63.5,51.5093437822922,-0.161023986121607,-1.2779473989736,-0.0101489373648321,180.005093117093
64,51.509338102207,-0.16102415954466,-1.24472186224564,-0.0203268164427935,180.13960915494
64.5,51.5093325043703,-0.161024278260087,-1.21702515263273,-0.0304522965546662,179.922526186452
65,51.5093269248774,-0.161024374646162,-1.2903680839525,0.00713053185079981,178.890753833319
65.5,51.5093212490225,-0.161024170752362,-1.23608556207725,0.0359627549573999,178.543095405569
66,51.5093156242156,-0.161023850509506,-1.25162200322021,0.0480175158091996,178.469115704388
66.5,51.5093099398841,-0.161023632020131,-1.27715218483818,0.0244826348354727,178.885661873602
67,51.5093043181234,-0.161023522951079,-1.23185336709603,0.0132218804713492,179.058503534529
67.5,51.5092987653547,-0.161023486462944,-1.21689886325359,0.016787027743772,178.370727220533
68,51.5092933054688,-0.161023392131363,-1.27447001909309,-0.0101271519704433,178.833587989155
68.5,51.5092876551205,-0.161023405118435,-1.17831441976212,-0.0121015338368919,178.938237127046
69,51.5092821923552,-0.161023483563583,-1.29379900965157,0.0217381103480804,178.155299468843
69.5,51.5092764436352,-0.161023396250659,-1.1973835798143,-0.0184362085990179,178.300384231173
70,51.5092709311891,-0.161023401828282,-1.31826693982647,-0.00105809669413183,178.316063441365
70.5,51.5092651483155,-0.161023380205059,-1.22493037753022,0.0194103773731422,178.53115479191
71,51.5092595529051,-0.161023295547047,-1.26475134323262,0.0178188919184428,177.677183059236
71.5,51.5092545500799,-0.161023228803574,-1.08165076351029,-0.0266002203991702,178.359585696127
72,51.5092504363931,-0.16102320952745,-0.774807572961483,0.0223161031054327,177.673906596199
72.5,51.5092475641891,-0.161023044388062,-0.523881043713634,0.0373873867962746,176.544669066542
73,51.5092458205624,-0.161022809988903,-0.35115008057106,0.0149424788297022,176.615422092526
73.5,51.5092445144531,-0.161022443358771,-0.137345324567234,0.076230814989927,161.893809720391
74,51.5092437154751,-0.161021751535404,-0.256858036021685,0.119805474245219,146.802493659798
74.5,51.5092427612504,-0.161020742457007,-0.10480787388138,0.135896433523649,132.588428398099
75,51.509242214003,-0.16101931814587,-0.166251510357212,0.221526238960397,117.570168205167
75.5,51.509241754452,-0.161017665847203,-0.0595927273020325,0.297472846810037,101.978958331155
76,51.5092416619281,-0.161015594013495,0.010684904585187,0.209609983566585,87.139912625278
76.5,51.5092418255094,-0.16101398508139,0.0539326814518918,0.275646675567769,73.4218935788623
77,51.5092422386606,-0.161012133446672,0.125475007242381,0.217650166926088,58.8589334460537
77.5,51.5092428890658,-0.161010628162739,0.135011118937351,0.171551674687332,43.7081974539776
78,51.509243653408,-0.161009440933081,0.234532893657467,0.188284716959247,28.6586884024472
78.5,51.5092446535003,-0.161008504208866,0.210811501837115,0.0776595297902792,14.0848379766239
79,51.5092456315826,-0.161008211749478,0.229129461307434,0.0266058134807004,-0.23860080676213
79.5,51.50924729743,-0.161008055352397,0.404120378622784,0.00497850066307806,-0.564310772879053
80,51.5092498866463,-0.16100800997912,0.724733786903345,0.0103730256661373,-1.39224011178083
80.5,51.5092537919368,-0.161007881531482,0.925009155215862,0.00439200133879307,-1.50614936866144
81,51.5092586626835,-0.161007961534719,1.2143999962679,-0.000485513920808076,-1.46002727204527
81.5,51.5092641642573,-0.161008058173541,1.25859660451078,-0.0185437000240145,-1.22832186262187
82,51.5092697978108,-0.161008194676568,1.28728485419609,-0.0123297895170136,-0.786927213856797
82.5,51.5092755625429,-0.161008314416571,1.22903018297297,-0.0214963313907284,-0.852180262943661
83,51.5092811386309,-0.161008365194823,1.2938787305275,-0.0317797334296711,-1.91139312948462
83.5,51.5092868438158,-0.161008442199752,1.20100179836948,0.00264748254663662,-1.88683858049454
84,51.509292393166,-0.161008626612406,1.28965195983761,-0.00464913303219904,-1.05153592050474
84.5,51.509298105932,-0.161008765289272,1.27006260584733,-0.0310914401197608,-1.16410723313153
85,51.5093038045006,-0.161008864671461,1.25408911708585,-0.0150208944819543,-1.23888631085881
85.5,51.5093094281384,-0.161008822118784,1.24765926899103,0.00153388777138987,-1.21929449945943
86,51.5093150594092,-0.161008694964871,1.23806758327645,0.0201674428747752,-1.28313773927115
86.5,51.5093206112026,-0.161008593299028,1.25471282640114,0.0377500936879986,-1.04809065345001
87,51.5093261641655,-0.161008471956725,1.22713129237825,-0.0252865395556767,-2.56827241997678
87.5,51.509331727297,-0.161008760524691,1.23667479950706,-0.0401171012134366,-2.39609725696689
88,51.5093373698475,-0.161009071772846,1.2538258426181,-0.00986166284404173,-1.41001859020317
88.5,51.5093429818237,-0.161009260175495,1.27085630712311,-0.0328266135929359,-0.770838276694565
89,51.5093487065366,-0.161009377561284,1.23492986435294,-0.0306141115386319,-1.23484142292149
89.5,51.5093543030738,-0.161009554806467,1.27828480999057,-0.0268853484248747,-1.03861173229681
90,51.5093599646041,-0.161009570617149,1.24370991590366,0.0218176611721035,-0.140431786562366
90.5,51.509365542304,-0.16100956176471,1.242407904503,-0.00383104044378101,-0.269628625932879
91,51.5093711816193,-0.161009545200848,1.25359659982232,-0.0238675997238058,-0.945434533121273
91.5,51.5093767696233,-0.161009742609258,1.2424333989271,-0.0222643495046323,-1.33825389831651
92,51.509382374268,-0.161009818138018,1.2237417905168,-0.0132575125536217,-2.14687150887792
92.5,51.5093878931099,-0.161009991366026,1.28140083350497,-0.0227217103596131,-1.90335208674607
93,51.5093935990672,-0.161010132622618,1.1963153934186,-0.0158359430450997,-2.21181347692952
93.5,51.5093990572512,-0.161010172134064,1.31374650966279,-0.00645027762704419,-1.89414456494374
94,51.50940489791,-0.161010130539348,1.21605221013637,0.0460211768707369,-0.559898761142319
94.5,51.5094104308927,-0.161009938726693,1.27196796399722,0.00255171283956328,-0.0401608794521243
95,51.5094161121805,-0.161009724012733,1.22384183492645,0.0293871051977338,0.390366844619828
95.5,51.5094217061401,-0.16100963729919,1.26208521359779,-0.0107411643918499,-0.796462503979843
96,51.5094273100286,-0.161009715907025,1.22702600391716,-0.0125220366317426,-1.43968910943996
96.5,51.5094328560786,-0.161009687310238,1.27263816354052,0.0248747329023339,-1.10695435520886
97,51.5094384955921,-0.161009513565951,1.23376933433587,0.0409557649427897,0.017512690195259
97.5,51.5094442044994,-0.161009335498134,1.24854064940492,0.0170324477245783,0.291297812373697
98,51.5094498420046,-0.161009188560102,1.27844584661278,0.0117081635691463,0.58984265956747
98.5,51.5094554829481,-0.161009048692104,1.22249609704903,0.0209848037911778,0.720373430264487
99,51.5094609810479,-0.161008783473551,1.27431650684725,0.0406717069213608,0.75343055754125
99.5,51.5094666343416,-0.161008419720564,1.20178411935647,0.0414843079318081,0.278450381650559
100,51.5094721558906,-0.16100830214871,1.27390475604883,-0.00600273527597018,-1.04938661156464
100.5,51.5094778459829,-0.161008250055029,1.19098539942307,0.0244869808562555,-1.07646388435557
101,51.5094832871855,-0.161008267417458,1.32372286921377,-0.00790249788133517,-1.43723253652603
101.5,51.5094890242253,-0.16100827023075,1.17421270550692,0.00416343044876926,-0.923313611640239
102,51.5094944785434,-0.161008230681631,1.25177288729252,0.0130116109345605,-0.752998076835833
102.5,51.5095001279128,-0.16100821412232,1.2874632211163,-0.0296275758881384,-1.6345188281098
103,51.509505817875,-0.161008153543627,1.22961070306214,0.0313182618967923,-1.23860108748098
103.5,51.5095114797286,-0.161008115356363,1.22651955164603,-0.010602030820684,-2.3531792202448
104,51.5095170753061,-0.161008260334332,1.300080165724,-0.0311177751197812,-2.82196868161388
104.5,51.5095227567806,-0.161008487627198,1.19373165946115,-0.0218840057959661,-3.13909437651331
105,51.509528234815,-0.1610086776831,1.31069733153064,-0.0268474292674444,-2.64388533370342
105.5,51.5095340639909,-0.161008893039667,1.20550565576482,-0.0265527270384497,-2.94000524133128
106,51.5095395885583,-0.161008996452706,1.3379232916363,-0.0216041202719876,-2.54124975911864
106.5,51.5095453882851,-0.161009089048317,1.2033371259266,-0.00289574399184619,-2.66398046985954
107,51.509550878635,-0.161009103763733,1.25220820735097,0.00583069736809159,-1.55738081942338
107.5,51.5095565254016,-0.161009028312543,1.27448257360503,-0.0037897125032705,-2.01763050440439
108,51.5095622738004,-0.16100900128455,1.21249787116072,-0.00240133816779176,-2.12972734512671
108.5,51.5095678639107,-0.161009037597473,1.32683337814919,-0.0131664347740669,-3.54760867668321
109,51.5095736895725,-0.161009129114119,1.25682191488631,-0.022988914088412,-3.90931244087604
109.5,51.5095793199883,-0.161009261828605,1.29281954726818,0.0132276950318019,-3.25818901468667
110,51.5095851116896,-0.161009391732551,1.23784831524119,-0.0208773957044183,-3.32203088847616
110.5,51.5095901875968,-0.161009604398221,1.1033684593368,-0.0287812155548969,-2.93082765494516
111,51.5095943709607,-0.161009793993055,0.827894957582243,-0.0387782301526953,-3.46310304794672
111.5,51.5095973720539,-0.161009968623725,0.520972709245944,-0.0323214997242616,-3.92095932418144
112,51.5095990904768,-0.161010178481777,0.315792438225551,-0.0152835796926649,-3.55217824143007
112.5,51.5096003004679,-0.161010037109524,0.210149599276354,0.050942476192433,11.593751450883
113,51.5096013128332,-0.161009310333458,0.190688058043003,0.11993127353429,27.4279756524468
113.5,51.5096020376197,-0.161008151737381,0.150286581695626,0.182500003821382,43.3513744088996
114,51.5096026765981,-0.161006821415542,0.121644921818755,0.201584172596031,60.1120807668335
114.5,51.5096030546819,-0.161005278825649,0.0928976720279316,0.288297905647086,74.4194645185201
115,51.5096032354167,-0.161003259304105,-0.0299465951768313,0.172254530435953,89.4216932593001
115.5,51.5096030235815,-0.161001848615462,-0.0422667814164717,0.27872287113504,103.748948986129
116,51.5096026535281,-0.161000077842461,-0.122387941799351,0.165136377186228,117.972647537069
116.5,51.5096019965349,-0.160998762946051,-0.145647288624364,0.207332321717107,132.520893088413
117,51.5096012015076,-0.160997579365568,-0.232237306777823,0.138469631335578,147.699326356585
117.5,51.5096000856391,-0.160996833774411,-0.22478140324952,0.0741820924829029,162.302241725326
118,51.5095990313643,-0.160996494085221,-0.268482827528549,0.0251577468545216,177.576027935739
118.5,51.5095972911963,-0.160996400656453,-0.429442052306998,0.00269470389699994,177.918564470022
119,51.5095945665954,-0.160996381273522,-0.703629997641187,0.0141643875072303,177.832180850162
119.5,51.5095907457352,-0.16099619807115,-0.985909331521091,0.0345668815887866,176.923919941398
120,51.5095858018276,-0.160996056293951,-1.20640237166314,0.0143468055022817,176.777967497569
120.5,51.5095802741516,-0.160995996238691,-1.23667389224474,-0.0096037466701121,177.69312948473
121,51.5095746805044,-0.160996073932854,-1.28628699722592,-0.00519819438998947,177.890378297588
121.5,51.5095689359006,-0.160995931248933,-1.22050344841065,0.0100713583067597,178.273209785181
122,51.50956340511,-0.160995830093904,-1.24908947509183,0.0231951617430855,178.529620744492
122.5,51.509557810571,-0.160995698774072,-1.28571853122321,0.0136391278635669,179.330438354803
123,51.5095520903364,-0.160995770985708,-1.22413279276078,-0.0302752499160126,180.384864035096
123.5,51.5095465676213,-0.160995947782825,-1.27220204747536,-0.00854957101679258,179.808528041366
124,51.5095408639858,-0.160996048979055,-1.23234573115076,-0.0312445320074391,180.558428010934
124.5,51.5095352702844,-0.160996273324976,-1.26582861186523,-0.0282519857034135,180.627292261394
125,51.5095296300534,-0.16099657269155,-1.25050541980686,-0.0349659982377834,180.45319012863
125.5,51.5095240068152,-0.16099673021697,-1.25219235076254,-0.0394995850507982,180.097514118647
126,51.5095183788748,-0.160996855040789,-1.24558115685881,0.0124720447536924,178.965852093437
126.5,51.5095127182654,-0.160996734996783,-1.25836638344409,0.0556197993945389,176.947312984643
127,51.5095071322387,-0.160996527830304,-1.24185959818717,0.0023772775935757,176.6910472846
127.5,51.5095016307587,-0.160996438093835,-1.23689101560628,0.0177702703867131,175.893825784312
128,51.5094960613298,-0.160996384299349,-1.2008966260674,-0.0169744197063646,176.878584437438
128.5,51.5094905814742,-0.160996303286409,-1.2656926053944,0.0167326146597507,177.248504858638
129,51.5094849274364,-0.160996228860738,-1.26366206363425,0.0229830674350734,177.902283122662
129.5,51.5094793117486,-0.160996183994489,-1.20378041078463,-0.0356246331704384,179.078155033471
130,51.5094737311976,-0.160996362714731,-1.24477309955233,-0.0102226892379187,179.318935712763
130.5,51.5094680829373,-0.160996434478856,-1.29271686674848,-0.00917203545780089,179.094657009237
131,51.5094623401531,-0.160996528115374,-1.24011233491827,-0.00989344112417941,179.055892006441
131.5,51.5094567534277,-0.160996608179746,-1.25084428620244,-0.0316402754076594,179.517484621738
132,51.5094510970769,-0.160996733774062,-1.26464856098268,-0.0135240862342354,179.393645351306
132.5,51.5094454713615,-0.160996681598112,-1.25144030661856,0.0185931078971157,179.037825835369
133,51.5094398721679,-0.160996493694391,-1.2975195199204,0.0300762492877602,178.434147999398
133.5,51.5094341227157,-0.160996198717261,-1.18466584436035,0.0448534393681933,178.764176678076
134,51.5094286043326,-0.160995843927315,-1.29255660082412,0.0542640169973083,178.711091779821
134.5,51.5094229417262,-0.160995516115916,-1.23420773129759,0.0672216978229738,177.948552086115
135,51.5094174348223,-0.160995178333061,-1.23201698575312,0.0198942107406783,178.314131752103
135.5,51.5094118680002,-0.160995114969356,-1.22288929052866,-0.0130550774084758,179.150053599066
136,51.5094062882304,-0.160995169070541,-1.24986982703696,0.00512364575363754,179.814901471003
136.5,51.5094006349651,-0.16099510017883,-1.24907944348876,0.0225877526638805,178.545095756499
137,51.5093950327368,-0.160994925449757,-1.29043786137859,0.0117527145316066,178.480008415834
137.5,51.5093893293296,-0.160994788978746,-1.21775515369742,0.028239240874234,178.258146380275
138,51.5093838397947,-0.160994656407226,-1.26060226907305,0.017115803224139,178.467842133845
138.5,51.5093781794704,-0.16099449010524,-1.21577843549106,0.0153227348463546,178.194382519502
139,51.5093726542496,-0.160994313449271,-1.25075873435507,0.0234778720727594,178.394211353173
139.5,51.5093670759592,-0.160994134834952,-1.25833853562103,0.0326340070153473,178.251512406694
140,51.50936139336,-0.160993920166445,-1.26293716266863,0.0310280375357367,178.547376653029
140.5,51.5093556630658,-0.160993692738248,-1.2403881043983,0.00431517970265746,179.165003976244
141,51.5093500999421,-0.160993563170782,-1.26784467525389,0.0513732201387847,178.209643928037
141.5,51.509344481533,-0.16099346795488,-1.24228813870384,0.00452543146828412,178.313873141668
142,51.5093388185331,-0.160993490850563,-1.22806600600812,-0.00119345742956752,177.771023845642
142.5,51.5093332097337,-0.16099341307016,-1.25894715358202,0.00901243553095452,177.751591650239
143,51.5093275776916,-0.160993379767163,-1.30120997953173,-0.0211939205975577,178.432532149352
143.5,51.5093218402174,-0.160993479621301,-1.22674213095248,-0.0270918228648969,179.642350176727
144,51.5093163261206,-0.160993579598026,-1.23191666145818,0.00107375639769965,179.791233859135
144.5,51.5093107358299,-0.160993575415871,-1.28051155352676,0.0274847245424647,178.786697550507
145,51.5093050443225,-0.160993393876105,-1.21212411891565,0.0247635257502847,177.728132043422
145.5,51.5092995212821,-0.16099330102965,-1.28963170103683,-0.000863012810088184,178.003655364932
146,51.5092937520586,-0.160993146810046,-1.22013791238624,0.00384178352567383,179.028816346615
146.5,51.5092881948283,-0.160993168536014,-1.27712905200066,-0.000904225236824235,178.749281584182
147,51.5092825775122,-0.160993097359693,-1.22437209739138,0.0180214130178862,178.783501288372
147.5,51.5092769578221,-0.160992975608698,-1.29078606104946,0.0120237772469713,179.276893758828
148,51.5092712251642,-0.160992793365998,-1.2419665796406,0.0283527847467569,179.439347841067
148.5,51.5092655675173,-0.16099266413487,-1.28839554300644,0.0282110418198285,178.814825246593
149,51.5092597965004,-0.160992489881647,-1.23160562843922,0.017465768437591,178.896124395907
149.5,51.5092547774112,-0.160992324176349,-1.1401556701913,0.0168013006143538,179.099542657447
150,51.5092505042362,-0.16099216843939,-0.76712163232721,0.0295944607464825,179.016689777389
150.5,51.5092476659944,-0.160992086176662,-0.576938924395502,0.00889056570266105,179.044363465556
151,51.5092457834786,-0.160992154342473,-0.26550725587048,-0.0119425951436364,178.897271510417
151.5,51.5092446942376,-0.16099205686094,-0.282140634383977,0.0409087842074141,163.94940109407
152,51.5092435734122,-0.160991376004654,-0.13562399909072,0.109289152190626,149.56859850905
152.5,51.5092428962978,-0.160990432366826,-0.213290584865999,0.159429936416324,135.388470037725
153,51.5092421251072,-0.160989068573833,-0.0930680955919235,0.193075934235999,121.433526152418
153.5,51.5092417618414,-0.160987497033577,-0.0843717858487893,0.218752653487063,105.423143352948
154,51.5092415482128,-0.160985873141048,-0.00710517398094692,0.237789419213097,89.9277090662428
154.5,51.5092416433374,-0.160984130320441,0.0368574883365831,0.276076479861612,74.065508007603
155,51.5092419985345,-0.160982325920463,0.108880694271026,0.203576650939416,59.3409224453143
155.5,51.5092426250681,-0.160980905030812,0.129123769038986,0.168311265029963,43.6311328587533
156,51.5092433791385,-0.160979869658546,0.251552522694769,0.184016876235219,29.7431337146883
156.5,51.5092444116237,-0.160978959767481,0.189617895877074,0.0542881298735955,14.9703204212554
157,51.5092454027959,-0.160978711419879,0.242269097618233,0.0261187032835415,-0.932567985140609
157.5,51.5092471006971,-0.160978631597499,0.421977428129293,-0.00613162180678516,-0.735556902715011
158,51.5092497575905,-0.160978709267363,0.682382791992118,0.00420749959522525,-0.707870998846093
158.5,51.5092535491122,-0.160978719749246,1.02357448022595,-0.0243491510248658,-1.5421333670508
159,51.509258675646,-0.160978801552773,1.14214501650882,0.00182635523481414,-1.35950514784385
159.5,51.5092639900691,-0.160978801092576,1.32474522682671,0.0115119976495904,-0.377436104065174
160,51.5092697678642,-0.160978855269035,1.23766121422416,-0.0138586196447139,-0.106613061812883
160.5,51.509275370777,-0.160978877280704,1.2707161314854,-0.0255572554911117,-0.94005539014806
161,51.5092810766966,-0.160978901686762,1.23105360097875,0.00856319650844985,-1.37339824567552
161.5,51.5092866452006,-0.160978804314083,1.24490795416539,0.0198180425153663,-1.34635197467528
162,51.5092922139725,-0.160978684073898,1.23369915917844,0.030465019332162,-0.517344604193044
162.5,51.5092977969556,-0.160978538705335,1.27303523817304,0.0194760159721803,-0.719218243854894
163,51.5093035125337,-0.160978517148531,1.21239742416076,-0.0164707165663948,-0.938999405503607
163.5,51.5093089762881,-0.160978507891462,1.33285285335779,0.0172394994537736,-0.596937447384538
164,51.5093148422969,-0.160978489977889,1.19682693957435,-0.0116259061108933,-0.639236854254893
164.5,51.5093203881688,-0.160978566965878,1.26207757626364,0.0175765119970166,0.435519335381865
165,51.5093260405672,-0.160978539352444,1.26722375885559,0.00311387876684273,0.838385323392852
165.5,51.5093317003007,-0.16097849875792,1.27776777526462,-0.00243702973857413,1.13251708304811
166,51.5093374517203,-0.160978416716017,1.22249109091742,0.00232542861545797,1.06185634000426
166.5,51.5093430094951,-0.160978394396948,1.32226040000058,-0.00256816870163473,0.531488202820059
167,51.5093487776054,-0.160978294524283,1.21286878610025,0.0111243942871169,-0.0422181572313619
167.5,51.5093542650049,-0.160978254960667,1.26109680717123,0.0177813991089108,-0.11794403679899
168,51.5093599180791,-0.160978167436453,1.2670462734208,0.0270249697164638,0.497599537370223
168.5,51.5093655948099,-0.16097810760453,1.2172095589354,-0.012881970537749,0.255035293217909
169,51.5093711840154,-0.160978240996612,1.25748465825673,-0.0290240168580052,-0.969174277097698
169.5,51.509376801075,-0.160978385005522,1.25202688499422,-0.0121709180524312,-0.90262091776217
170,51.5093823975817,-0.160978434739633,1.21909634701064,-0.0222390306715201,-1.73597468902653
170.5,51.5093879302685,-0.160978538913973,1.28230147064916,-0.020100023180587,-1.8302036347095
171,51.5093935536016,-0.160978618426643,1.22772157449004,0.0094592118410614,-1.6962465600639
171.5,51.5093990870506,-0.160978640545516,1.1789622905879,-0.00825694816315526,-1.62567222705164
172,51.5094045094917,-0.160978700950905,1.27959142807834,-0.00154461219058782,-1.11314733495885
172.5,51.5094101887917,-0.160978710948063,1.17956134988033,0.00288347655513491,-0.695522727341078
173,51.5094155663959,-0.160978579310772,1.31528639203831,0.0156492349599574,-0.513238458090964
173.5,51.5094213519402,-0.160978524085536,1.1514463384132,0.019897914614906,0.401793928163704
174,51.5094267483763,-0.160978389882984,1.32678474630918,0.0118830808425295,0.095863743794502
174.5,51.5094325736801,-0.160978258786109,1.20839590778343,0.0039493721077691,-0.219531813964272
175,51.5094380284984,-0.160978287024049,1.28268947883407,-0.0024434815221458,-0.859297645872839
175.5,51.5094437788856,-0.160978322438989,1.20324688514436,-0.00708438894984042,-0.641267906912243
176,51.5094492934274,-0.160978224927073,1.3208884378252,0.0254680288645581,-0.499289749276022
176.5,51.5094551429573,-0.160978163845447,1.1801867966756,-0.00240834350103578,-0.779990555475258
177,51.5094605339543,-0.16097814529269,1.33322234071776,0.018493750154448,-0.687965598598701
177.5,51.5094663251674,-0.160977939818156,1.172981592613,0.0222036546482163,-0.332799584009855
178,51.5094717533937,-0.1609777235238,1.34216892916693,2.08816170511189e-05,-1.35293857003669
178.5,51.5094776238115,-0.160977616195787,1.16569630063256,0.0189808099632659,-2.21875971616544
179,51.5094830029071,-0.160977427638934,1.28530235826401,0.0419413072303118,-2.3210975081098
179.5,51.5094886411375,-0.160977208930715,1.21271143005879,0.0369278055418578,-2.01714970259366
180,51.5094941510221,-0.160977117775623,1.24774146558789,0.0173166635802505,-1.77335804466829
180.5,51.5094997713671,-0.160977016951219,1.19289331721844,0.00908606891319737,-1.57267535292917
181,51.5095051944992,-0.160976971065388,1.27038236695557,0.0109661221948189,-1.31808249259944
181.5,51.509510825618,-0.160976987025769,1.22262806063323,-0.00375711952489319,-1.5615968986378
182,51.5095163828405,-0.160977010918788,1.27369348591867,-0.0118953313771492,-1.47212778287187
182.5,51.509522072794,-0.160977083874948,1.19621046029606,-0.00482917979237951,-1.21199045471686
183,51.5095275299897,-0.160977018982177,1.32412019063493,0.00135235923134056,-1.48469087580985
183.5,51.5095333587758,-0.160976976485555,1.17287283601446,-0.0139895934321974,-2.29081821318062
184,51.5095387457923,-0.160977040265206,1.29668432328582,0.00792098730174311,-2.2888745184818
184.5,51.5095444202486,-0.160977005421732,1.18059001120736,0.0188654887400687,-2.06748622747223
185,51.5095499239469,-0.160977047236234,1.26807388373621,-0.00745556050551369,-1.8355343477535
185.5,51.5095555891329,-0.160977236829817,1.25445085271746,-0.0474665887568861,-1.90535426310463
186,51.5095612340737,-0.160977442501072,1.2425407559084,-0.0310111666039639,-1.91302386525364
186.5,51.5095668336799,-0.160977555910224,1.24444112150587,-0.00645674701869078,-2.31557279606915
187,51.5095723651478,-0.160977619843418,1.23452255389354,-0.0171959049944718,-2.9610513167037
187.5,51.5095780057171,-0.160977708454163,1.26426083911987,-0.00207418405272632,-2.17017875071466
188,51.5095836992839,-0.160977719687585,1.26784543451342,0.0101878386610462,-1.36079556577391
188.5,51.5095888000184,-0.160977759399664,1.06372511075594,0.00474557688442013,-0.638945666750411
189,51.5095928797507,-0.160977787994565,0.819923320534501,-0.00890833639833549,-0.0238240026886051
189.5,51.5095957907766,-0.160977941775146,0.571842640849515,-0.0182729098572062,1.01429896165835
190,51.5095976269776,-0.160978157229399,0.242990418043894,-0.0426970539770771,1.80748434231366
190.5,51.50959878893,-0.160978106988737,0.274125613182779,0.0350489180761901,15.6616397920885
191,51.5095999679794,-0.160977489193724,0.136738053719156,0.0845570356324808,30.2373457534489
191.5,51.5096006475161,-0.160976550557834,0.241887134539616,0.173050216837708,44.0153757739963
192,51.5096014938157,-0.160975120244934,0.113434824909801,0.223302740444481,59.9072732127505
192.5,51.5096019561264,-0.160973463721664,0.105641443851377,0.222365352066739,74.7504434945318
193,51.5096022487902,-0.160971823480883,0.021649236760515,0.223782621129886,89.9805840060919
193.5,51.5096021432638,-0.160970219971002,-0.0385708355379831,0.262090477252303,104.69662593686
194,51.5096017255914,-0.160968452596227,-0.110121098419501,0.165350535449938,119.127426555599
194.5,51.5096010706843,-0.160967221990558,-0.183589514659727,0.234657069527241,133.1016483995
195,51.5096002038527,-0.160965918088806,-0.190779801482099,0.0958933229470186,147.47686008042
195.5,51.5095991963028,-0.160965216404379,-0.25441844498858,0.125927740399218,161.781608229818
196,51.5095980603275,-0.160964737808983,-0.250295801471346,0.00698979816198932,176.208429508978
196.5,51.5095963522281,-0.160964724497369,-0.465195232865497,0.0188966352255035,175.925312173358
197,51.5095936206433,-0.160964646662428,-0.720632616730076,-0.0146366892810849,176.887012019492
197.5,51.5095897185996,-0.160964723337042,-0.936404859152253,-0.0111445183920431,178.225692223863
198,51.5095847401867,-0.160964787046592,-1.22772247967212,-0.00954251972548978,178.499768059672
198.5,51.5095791502215,-0.160964749352461,-1.28399810871192,0.0280106163905132,178.521023483141
199,51.509573496857,-0.160964716337537,-1.24813998536654,-0.0309053177186188,179.913798754558
199.5,51.5095679121976,-0.160964903239886,-1.28333782165561,-0.00275698317076345,179.208890671949
200,51.5095622191686,-0.160964881051076,-1.18662450913526,0.00582611189002569,179.234604752714
200.5,51.5095567011785,-0.160964862687123,-1.29923720698802,-0.00944040472931158,178.768003402208
201,51.5095509080409,-0.160964837454589,-1.24126953778455,0.0320925053179788,178.300986415833
201.5,51.5095453128706,-0.16096459276987,-1.29904393979847,-0.00195624321074323,178.625996914727
202,51.509539566644,-0.160964496645767,-1.22154369093073,0.0205893768119943,178.413378986409
202.5,51.5095340066613,-0.160964324796097,-1.31510573924669,0.0324876832299472,178.638735292723
203,51.5095281934724,-0.160964200669956,-1.20978790120547,0.0107523268681846,178.976354880743
203.5,51.509522617895,-0.160964126602475,-1.26875577163744,0.00817504767845648,179.11248731003
204,51.5095169724388,-0.160963979665075,-1.27534833297214,0.00943062510314198,179.429556152745
204.5,51.5095113049305,-0.16096382315121,-1.22202267334538,0.0391248451626821,179.03721886994
205,51.5095057759366,-0.160963626897268,-1.25731900598382,0.0218974712381564,178.890171134491
205.5,51.5095001285664,-0.160963518378086,-1.23820048552626,0.0172271136976019,179.02558325469
206,51.509494504563,-0.160963497540282,-1.29321177221853,0.00288835232844888,179.521593763853
206.5,51.5094888183941,-0.160963526537467,-1.1946260601192,-0.0243625326676423,179.695536366307
207,51.5094833866045,-0.160963669059063,-1.2996199723169,-0.0311250262016645,180.263023883211
207.5,51.5094776746189,-0.160963871584417,-1.19335127406204,-0.00613805741296707,180.009668414546
208,51.5094721742897,-0.160963923039306,-1.23666837955711,-0.0131852178091942,180.461855953174
208.5,51.5094666201487,-0.160964101271499,-1.25702308955866,-0.0343088106268517,179.64711403642
209,51.5094609675147,-0.160964200560002,-1.20993255984767,-0.00937763220425313,179.564834406094
209.5,51.5094554532106,-0.160964231247561,-1.34385809550721,-0.0221854871850819,180.102749086857
210,51.5094495627073,-0.160964213794327,-1.17660492581558,0.0274789696928732,179.944159972316
210.5,51.5094441323343,-0.160963980224186,-1.33074928203614,0.0424479422336087,179.406970341057
211,51.5094382897499,-0.160963831691812,-1.17396327694558,-0.00559087231981786,180.413430714621
211.5,51.5094328281696,-0.160963709219908,-1.32229620599974,0.0407581910350682,179.568690789456
212,51.5094270484414,-0.160963599376927,-1.23746653723649,0.0157146613273,179.801039013815
212.5,51.5094214277159,-0.160963545680841,-1.22816579972137,-0.00463239292005788,179.478299909595
213,51.5094158869248,-0.160963756158593,-1.28841171518783,-0.0141224223976433,179.427448728485
213.5,51.5094102158598,-0.160963790839391,-1.2076531192127,-0.0464858402899012,179.960192547999
214,51.5094046699285,-0.160963933529488,-1.28370654027029,0.013019322137645,179.129969399358
214.5,51.509398991283,-0.160963835820672,-1.23421344299775,0.00817661953442065,179.13904397227
215,51.5093934622486,-0.16096376770445,-1.2313574347878,-0.00636697136747388,179.660510307594
215.5,51.509387926172,-0.16096384539533,-1.26286409018969,0.0180630412508315,178.909527098995
216,51.5093822798701,-0.160963859298518,-1.21734540371134,-0.0229327058484161,179.195374415793
216.5,51.5093766847412,-0.160963961406503,-1.2541608423477,-0.0256682237138902,179.504855697664
217,51.5093710674366,-0.160964163894975,-1.22361259363874,0.00126696302962716,178.656460631048
217.5,51.5093655052929,-0.16096420518375,-1.27345092913489,0.000278009898372872,177.548835149994
218,51.5093598446268,-0.16096414001119,-1.21765311941215,-0.00479087753714511,177.316492762571
218.5,51.5093543441342,-0.160964205144364,-1.29630570894448,-0.0323677475967347,178.22747209662
219,51.5093485774175,-0.160964247363539,-1.21458605974187,0.0144680837828338,177.887121219993
219.5,51.5093430023004,-0.160964151850369,-1.28564103766617,0.00514140022415882,178.742293872058
220,51.5093373172856,-0.160964178709074,-1.20025299477873,-0.0162833901569469,179.101947069812
220.5,51.5093317960885,-0.16096417688032,-1.33560339868293,0.0086026210296129,179.229203607079
221,51.5093260081357,-0.160964184251543,-1.18128874235688,0.000829374941614263,179.321192188778
221.5,51.5093205775547,-0.160964202677093,-1.27607637821523,-0.0157988707749838,179.690991878209
222,51.5093148984533,-0.160964190471532,-1.23269753922583,0.0315696159795786,178.101924516508
222.5,51.5093093260533,-0.160964096557268,-1.26154712292286,0.00460989997739803,178.451128868347
223,51.5093036924735,-0.16096409886279,-1.22762845184577,-0.0202075913569472,178.430947033879
223.5,51.5092981500603,-0.160964244357135,-1.25661235719942,0.00240901845612665,178.376776299281
224,51.5092924957563,-0.160964290033725,-1.2589086658944,-0.0229585251589835,178.727596765879
224.5,51.5092868215294,-0.160964369915436,-1.19228400052096,-0.0101299304504972,178.91713607564
225,51.5092813527028,-0.160964393041762,-1.3461931840158,0.00880855775589475,178.105452720445
225.5,51.5092755183345,-0.16096434171737,-1.17534280376651,-0.0198906856227988,179.20145811099
226,51.5092700447137,-0.160964415130423,-1.31117301981769,-0.00673744966410346,178.954870159821
226.5,51.5092642804095,-0.160964441502334,-1.2122507730473,-0.00599323486820019,179.530879449088
227,51.5092587311111,-0.160964485954039,-1.28989329339383,-0.0130064290806792,179.680498116698
227.5,51.5092535887751,-0.16096441736487,-1.03159737479431,0.0307539130356764,179.873651217909
228,51.5092495979963,-0.160964225013152,-0.863618645135727,0.021220517418349,179.952914088683
228.5,51.5092464749594,-0.160964093656613,-0.496348362203959,0.0188498181309975,180.154910815734
229,51.5092447721377,-0.160964035166127,-0.323960341439267,0.00363245990563489,180.020903259365
229.5,51.5092435399607,-0.160963699348841,-0.2128813130405,0.0842204416089042,164.248333831578
230,51.5092425403524,-0.160962908473114,-0.215389597815994,0.122943294278822,149.222444672085
230.5,51.5092416003932,-0.160961840877221,-0.210242685849224,0.183492967119081,134.293186836797
231,51.5092409062029,-0.160960349305052,-0.12553528097236,0.222952378429282,119.383700071804
231.5,51.5092404744207,-0.160958668059321,-0.0709595794957983,0.240741934556177,105.018278047174
232,51.5092403115519,-0.16095687940687,-0.00177769544012786,0.245638866878992,89.4524499817871
232.5,51.5092404355794,-0.16095503658667,0.0514045114770537,0.271418067475498,74.3501993484827
233,51.5092408298408,-0.160953264790394,0.123460135951223,0.229397011830855,58.8186504730224
233.5,51.5092414610583,-0.160951751277568,0.161778348990004,0.192310982701298,43.8304376293748
234,51.509242309911,-0.160950567289823,0.184336205339987,0.126843398141713,29.3169779821766
234.5,51.5092432372292,-0.160949840559913,0.222605502171401,0.0852270351365463,14.3192799311432
235,51.5092442250193,-0.160949584917752,0.262303404676637,0.00218933697805951,-1.4533270465076
235.5,51.5092459520498,-0.160949559152589,0.424682422678621,-0.00216916723935142,-0.871528041398391
236,51.5092486895007,-0.160949506581288,0.670603087044071,0.0253531248869977,-0.000341808230222398
236.5,51.5092525102407,-0.160949408285075,0.957174395045987,0.00256952884063079,0.173956593573574
237,51.5092574751591,-0.160949285073224,1.25069419504738,0.0162712179545422,-0.0577374224414071
237.5,51.5092630665092,-0.160949171700554,1.24779043441441,0.00359378668601582,-1.26377694490163
238,51.509268633038,-0.160949054324072,1.28119672210159,0.0219711738186292,-1.2717890683184
238.5,51.509274305057,-0.160948935583907,1.23228916401762,0.0227675137203395,-1.6552698251743
239,51.5092798551992,-0.160949027752001,1.23072147140026,-0.0115694876135695,-1.47099748643931
239.5,51.5092854110582,-0.160949146472202,1.2602697303495,-0.0345914894879083,-2.17289541211847
240,51.5092910506122,-0.16094932794658,1.21948360246406,-0.0392923846208084,-2.90106125817544
240.5,51.5092966042445,-0.160949465120128,1.26051442827873,-0.0135929151169353,-3.03973388683972
241,51.5093022041757,-0.160949523090357,1.25447647910639,0.00889191821146236,-1.97156388043221
241.5,51.5093078605242,-0.160949525791964,1.2341227933693,0.0279238509033074,-1.03659636629072
242,51.5093133928472,-0.160949430952637,1.22484159626314,-0.00511909852023987,-0.656968861252317
242.5,51.5093189386239,-0.160949295798654,1.26549932070271,0.00742352098433812,-0.959511962934303
243,51.5093246161959,-0.160949216340385,1.22405408807738,0.0151887667719064,-1.14281080649694
243.5,51.5093301978907,-0.16094927554801,1.25959247302657,-0.00440379670998003,-1.22184369109345
244,51.5093358521374,-0.160949269941083,1.21875809406628,-0.00162375592570503,-1.29151220393203
244.5,51.5093413089757,-0.160949246674131,1.33165284775307,-0.00594206266337304,-1.46659082038634
245,51.5093471661279,-0.160949282248741,1.12756699848237,-0.00495304583543488,-1.37287752992538
245.5,51.5093524863261,-0.160949455448301,1.35952598749306,-0.00442382405983181,-0.760996203456726
246,51.5093582874975,-0.160949389145593,1.15592097120907,-0.013869051769046,-1.37909941252105
246.5,51.5093636569085,-0.160949427247562,1.27010628907484,-0.0100108999321889,-1.48589474121342
247,51.5093693174492,-0.160949468287942,1.22983817724804,0.016972899991326,-1.42235762112428
247.5,51.5093748111941,-0.160949372881359,1.27176621729476,-0.00972341099629127,-2.05576921129924
248,51.5093804832372,-0.160949440413687,1.20203789850156,0.00299303348008497,-1.78092711716212
248.5,51.5093859194461,-0.160949462455206,1.23944184799936,-0.0126448724512533,-2.36821123631802
249,51.5093915286894,-0.160949539916294,1.22756334903477,-0.0205947821393371,-2.94234654981745
249.5,51.5093970573164,-0.160949729412226,1.24465691862738,-0.00990231637438241,-2.84822939535836
250,51.5094026714729,-0.160949880485351,1.23341222180559,-0.0230283037671335,-2.96449489718007
250.5,51.5094082079384,-0.160950060582247,1.23055057267854,-0.0359408665121485,-2.97110294889433
251,51.5094137357843,-0.160950323651458,1.26175104177787,-0.0297444669455565,-2.75288384434884
251.5,51.5094194012882,-0.16095053046798,1.23132113323107,-0.0289902748619604,-2.34917509810166
252,51.509424961891,-0.160950687495027,1.28902556521709,-0.0398367107716142,-2.79889984337499
252.5,51.5094307072872,-0.160950837457055,1.19580540628765,-0.0107993438686781,-2.76558075231984
253,51.5094361471192,-0.160950940304177,1.2682738139759,-0.00293595424340409,-2.13861397556795
253.5,51.5094417665427,-0.160950937529155,1.22923635112508,0.0117142239346926,-1.73809596013052
254,51.5094474162417,-0.160950971451981,1.26714157700439,-0.0211489396874296,-2.00829522958827
254.5,51.5094530901559,-0.160951153638314,1.24513604819719,-0.00666897019700825,-1.12912463761303
255,51.5094586872594,-0.160951229029286,1.24932937629219,0.00910076425355852,0.0543516334369762
255.5,51.5094643042376,-0.160951260687651,1.26163682286691,-0.0127316713679565,0.427408270125484
256,51.5094699612834,-0.160951294326865,1.26041513941702,-0.0212788648033439,-0.0237842888673367
256.5,51.5094756140649,-0.160951241871098,1.22775879940626,-0.00455146726641356,-0.948768614853138
257,51.5094812140325,-0.160951233610882,1.2572464184763,-9.77263937848583e-05,-1.57566018640489
257.5,51.5094868357142,-0.160951199663702,1.24252810614988,0.0283389435743194,-0.657364055782258
258,51.5094924060953,-0.160951204010267,1.24820367187557,-0.00168021278906266,-0.330811252856493
258.5,51.509498064649,-0.160951215987261,1.24741432914112,-0.0328904807015597,-1.15152107303887
259,51.5095036397955,-0.160951258593469,1.2582066827541,0.0235458324656693,-0.486939546114277
259.5,51.5095092604091,-0.160951170993019,1.23449317992234,0.0333610540626644,0.862711641529471
260,51.5095148890399,-0.16095095000862,1.25920307916906,-0.00637611712453279,0.198273704365378
260.5,51.5095204844074,-0.160950840935854,1.27178368331905,0.0373712883093348,1.03425180888059
261,51.5095262111205,-0.160950490365672,1.19867040783629,0.0515113278968148,1.02745360312998
261.5,51.5095317344084,-0.160950142077034,1.31706036296606,0.0635133351082202,1.93250059130724
262,51.5095375741565,-0.160949643668137,1.21525892926081,0.0619362625662529,2.00013972728178
262.5,51.5095431407743,-0.160949180599402,1.32658125395509,0.0273640016934819,0.771258178966118
263,51.5095490037589,-0.160948846078897,1.21896634206398,0.0783087519574553,0.876001623858563
263.5,51.5095545031862,-0.160948445063539,1.30780905928435,0.0326352184906128,-0.490185274130288
264,51.5095602321202,-0.160948258661194,1.18803494150314,0.0421080005802462,-0.595619845299086
264.5,51.5095656843996,-0.160948038737179,1.29490181085789,0.0315738614076043,-1.08534198366844
265,51.5095713828376,-0.160947910471276,1.19256473605371,-0.00700324181149835,-1.45126554723628
265.5,51.5095768170525,-0.16094795487485,1.27127160143062,0.016256611867201,-0.479165751626662
266,51.5095825214051,-0.160947774755991,1.1724761035012,0.0042569427517393,-0.701673119132147
266.5,51.5095873632033,-0.160947791344208,1.15778856291621,0.0133883296979398,-0.165389246381667
267,51.5095917117915,-0.160947855224465,0.720518974334089,-0.0313618201013618,-1.14303934856054
267.5,51.5095944344127,-0.160947919210426,0.650152157076464,0.0130624377345406,0.0459927071497137
268,51.5095965082178,-0.160947955144208,0.20191036231535,-0.00928125889258531,1.10474823014002
268.5,51.5095974890332,-0.1609479470679,0.339557132481208,0.0239314247031318,15.0822361895148
269,51.5095987609688,-0.160947395438685,0.134594575311389,0.0924724906849971,29.3013135261492
269.5,51.5095994925621,-0.160946423545093,0.261047552019239,0.176458393315068,43.9293717366981
270,51.5096003799149,-0.16094486725394,0.0591257855793617,0.179036316340479,58.9942945823737
270.5,51.5096006412137,-0.160943427988256,0.145629147144458,0.266108665152829,73.2017486682219
271,51.5096009614245,-0.160941534157065,-0.0170958443398022,0.237422614939733,87.4988820126689
271.5,51.5096007459056,-0.160939880789114,-0.0299346524254578,0.284864832068583,103.035335166964
272,51.5096003123172,-0.16093792645488,-0.162448635780513,0.240470038909993,117.900882511065
272.5,51.5095995042984,-0.160936287413564,-0.128736822594041,0.168310611749434,132.609693617037
273,51.509598643688,-0.160935197591015,-0.26176168906091,0.176136445596557,148.272433074535
273.5,51.5095975385155,-0.160934425848016,-0.195466411101562,0.0441403695824607,163.478957757811
274,51.5095964923539,-0.160934253631066,-0.253606966216568,0.0282140727455613,178.829544882001
274.5,51.5095947767266,-0.160934168309777,-0.464306537726133,-0.0110074533120658,179.236284819715
275,51.5095919897502,-0.160934237982021,-0.621692205086008,0.00738086110324457,178.816311430787
275.5,51.509588340053,-0.160934320160186,-1.04094419109006,-0.0194538233197705,178.844491726716
276,51.5095830767037,-0.160934467109963,-1.13609447589362,-0.0278679930348115,179.620555495232
276.5,51.5095776116223,-0.160934601106035,-1.35115763711303,-0.0123265094384395,179.03712324535
277,51.5095716762481,-0.160934555164405,-1.22742473083293,0.0314689086001146,178.04113918274
277.5,51.5095660869165,-0.16093437995944,-1.37066135440489,0.00780974845930408,178.024549315626
278,51.509560127373,-0.160934273204022,-1.16964789921456,0.0166181508461391,178.363807706333
278.5,51.5095547171213,-0.160934180564651,-1.3492778094572,0.0204067394232735,178.664544362668
279,51.5095487621118,-0.160934160027881,-1.15480521656519,0.0237046133928932,177.838413553354
279.5,51.5095432749877,-0.160934068326032,-1.33949224380805,0.0123936425133138,177.330260002587
280,51.5095373485867,-0.16093401536042,-1.20566925478492,-0.0164913858567302,178.042873321834
280.5,51.5095317821966,-0.160934033413896,-1.29140985283238,-0.0200551661293484,178.837505528824
281,51.5095260503688,-0.160934064533239,-1.22655928362151,0.0168748368416359,178.802280586213
281.5,51.5095204863605,-0.160933957552098,-1.28123541210331,0.00359164603218667,179.456287482133
282,51.5095147769933,-0.160933975817796,-1.1878476840334,-0.0250021902205637,180.43251472613
282.5,51.5095092807291,-0.160934059849727,-1.28385009496292,0.0197210162238115,180.429508660197
283,51.5095035594443,-0.160934054863298,-1.23245301289832,0.00502780550216438,180.003545619449
283.5,51.509497935666,-0.160934043539377,-1.23673888803849,0.011193335689466,179.437279281956
284,51.5094922825203,-0.160933975666437,-1.23419713225068,0.0177721354561989,178.40273432038
284.5,51.5094866773024,-0.160933839298838,-1.26656595397221,0.0279634556130334,177.090122632052
285,51.509481021605,-0.160933551814904,-1.24951776270255,0.0393035852250114,176.603120163148
285.5,51.5094754114006,-0.160933196355975,-1.26342109464645,0.0574458167970186,175.947503344871
286,51.5094697162872,-0.160932750935436,-1.19101367342303,0.0634896831369395,175.995706913275
286.5,51.5094642387606,-0.1609323972598,-1.29337359258644,0.0271304546798559,176.75600400046
287,51.5094584536812,-0.160932105564411,-1.23618347902545,0.0656905033496092,176.360630556489
287.5,51.5094527903551,-0.160931755755282,-1.23854120564288,0.0407456087803493,176.681544128188
288,51.5094470842068,-0.16093143928018,-1.27100420873391,0.0259635424094671,177.381834832455
288.5,51.5094413760934,-0.160931317118175,-1.28706207265999,0.0525718197970091,176.418855828064
289,51.5094356261421,-0.16093101849226,-1.21137198348032,0.0316665085442506,176.117690010968
289.5,51.509430053144,-0.160930859379315,-1.30204099218131,0.0310076615401331,175.614860697156
290,51.5094242251112,-0.160930760883337,-1.22358268842917,-0.0280486424769138,177.20926364652
290.5,51.5094185993232,-0.160930815082749,-1.30333466178902,-0.0055562301805682,177.551054232356
291,51.509412757962,-0.160930799515735,-1.26128976108329,0.0230935016691817,177.853312807298
291.5,51.5094070659264,-0.160930694025477,-1.26169935453115,-0.0113273512950414,178.624374458763
292,51.5094013271363,-0.160930801567113,-1.25663879490072,0.00531240861133912,178.412364519728
292.5,51.5093956385718,-0.160930845047254,-1.33263350811921,-0.00389923992650149,178.482102730921
293,51.5093897593106,-0.160930881348738,-1.19962870623416,-0.00896855035656614,178.312206861008
293.5,51.509384187012,-0.160931007807004,-1.23902636872061,-0.0269635945855772,178.544629823093
294,51.5093786359603,-0.160931257622834,-1.29501349782208,-0.0369698578876928,178.990687681603
294.5,51.5093728858903,-0.160931474876586,-1.21935905729421,-0.0359119643291049,179.404517240637
295,51.5093672961106,-0.160931719755385,-1.23999868058611,-0.0392374658865631,179.907960430047
295.5,51.509361716105,-0.160932003437456,-1.25276519277324,-0.0549913465389362,180.952684165482
296,51.5093560485035,-0.160932381778489,-1.21862265548959,-0.0219171022392169,180.429577409863
296.5,51.5093505377562,-0.160932486353755,-1.24343030168753,-0.0316744887580728,180.906664419244
297,51.509344900216,-0.160932473214756,-1.23561623993943,0.0262696573757369,179.534718898811
297.5,51.5093393686404,-0.160932432530047,-1.25284531133304,0.0109493571215136,180.090781405837
298,51.5093336455736,-0.160932449428591,-1.20288803064804,-0.0199063586627294,180.231527074378
298.5,51.5093280723469,-0.160932617467061,-1.30493046242968,-0.0137364773536715,180.209632938854
299,51.5093223485333,-0.160932735073708,-1.2348385815864,-0.00883233120044952,179.350883191817
299.5,51.509316743034,-0.160932991304618,-1.22632652489988,-0.0248239441258222,179.375184359307
300,51.5093111752261,-0.160933288287434,-1.24856784160721,-0.0637671931332425,179.761269695865
300.5,51.5093054794206,-0.160933515958675,-1.25583994824152,-0.0453342012836286,180.10110165279
301,51.5092998202947,-0.160933653800568,-1.27733377495727,-0.0209935654829417,180.146424966551
301.5,51.5092941425536,-0.160933848842635,-1.21434141608738,-0.00886990296293734,180.575111242613
302,51.5092886002041,-0.160933973851206,-1.25069360781848,-0.00352787436519103,179.877363746723
302.5,51.5092829991369,-0.160933975018537,-1.24389570818107,-0.00674538913488754,179.952572122412
303,51.5092774051458,-0.160933944818306,-1.20550970193275,-0.00193123854614875,179.958677704114
303.5,51.5092718557598,-0.160934023903106,-1.25928489529627,0.00621541889754113,179.784446020856
304,51.5092662638016,-0.160934042792166,-1.23122320467189,-0.0131020835726703,179.959805014279
304.5,51.5092605932556,-0.160934091902757,-1.24466011159424,0.00154961054950337,179.156474320622
305,51.5092549236302,-0.160934021384888,-1.22835049054002,0.00144378506686757,179.123467330595
305.5,51.5092500055031,-0.160933938214649,-1.0856597107434,0.0164778121083985,179.418167774231
306,51.5092458657039,-0.160933764275753,-0.787417700997123,0.0316824714003788,179.382967451655
306.5,51.5092429187858,-0.160933724164397,-0.54069215355581,0.00136934426107304,179.460403734
307,51.5092411337295,-0.160933716808785,-0.292752397862482,0.00483283775022157,179.611037315023
307.5,51.5092398707981,-0.160933461324011,-0.228825727427949,0.0638999671075703,164.348065070679
308,51.5092388512794,-0.160932833027305,-0.207659734207555,0.108548786784901,149.229863763154
308.5,51.5092380106701,-0.160931807347687,-0.17671805388049,0.17305173315822,134.509973182298
309,51.509237320673,-0.160930348678695,-0.111359421822477,0.207802967418809,119.593066411236
309.5,51.509236873303,-0.16092872476375,-0.0839807053961583,0.258551213359321,103.981009042554
310,51.5092366570563,-0.160926992335357,0.00200934472350149,0.229491714024066,88.1955863498095
310.5,51.5092368145624,-0.160925265361171,0.0570852206403144,0.238011273063437,73.787279955809
311,51.5092371507633,-0.160923549937926,0.117718553367372,0.259027652461913,60.12673735175
311.5,51.5092377447856,-0.160921890523288,0.120207827004832,0.143852221333984,44.9482397291687
312,51.5092384904898,-0.160920900424886,0.228133545166221,0.184968017072588,29.6534122694577
312.5,51.5092394531642,-0.160919880672945,0.211846871730768,0.0752594366800476,14.2935088458551
313,51.5092403898818,-0.160919539116378,0.233549679704629,0.052699172856235,-0.327412570599039
313.5,51.5092420145072,-0.160919290797177,0.392144135848627,0.00775299439705938,-1.59012250815415
314,51.5092445626569,-0.160919146748302,0.722104234502162,0.032427016403906,-2.64587205729599
314.5,51.5092483597142,-0.160918974983949,0.909255115774309,0.0343504226116988,-1.36442945240851
315,51.5092531298608,-0.160918804921761,1.24814470414273,0.0273721643823317,-1.50295997816184
315.5,51.5092586989794,-0.160918693936002,1.18304779456137,-0.00161327589788836,-0.936555220664553
316,51.5092641314868,-0.160918590286457,1.24975866304508,0.0408582931982695,-0.247265588712521
316.5,51.5092696805667,-0.160918441748559,1.29732581209756,-0.0222014106121641,-0.866590332095011
317,51.5092754356984,-0.160918482603018,1.23135527424149,0.0190269512370629,-0.602896074616079
317.5,51.5092810276158,-0.160918334983053,1.26669175358477,0.0396518447516062,0.231589387152356
318,51.5092866607132,-0.160918179330417,1.26074171771458,0.041618426116117,1.65871672345084
318.5,51.5092922719882,-0.160918018783543,1.27143562428949,-0.00206502741311104,0.72092023328522
319,51.5092979098052,-0.160918019223045,1.25130025220836,-0.0161675709070822,-0.0432054045789478
319.5,51.509303506499,-0.160918091373048,1.24312710606255,-0.0025082532769338,-0.0689679428851089
320,51.5093091079931,-0.160918092188429,1.25143168417864,-0.010286510099608,-0.543861720300022
320.5,51.5093147418836,-0.160918137583018,1.24329300877864,0.0101956795270662,-0.774313821753815
321,51.5093203362438,-0.160918146616517,1.27154375351433,-0.0314496053217031,-1.71412982797775
321.5,51.5093259486216,-0.160918289377589,1.21363212499925,0.00683908843952815,-0.885317899168813
322,51.5093313919349,-0.160918275955987,1.26937074234795,0.0119187345723934,-0.252760681031615
322.5,51.5093370167558,-0.16091830045906,1.21104730556219,-0.0310039297947038,-0.909730193792762
323,51.5093425364412,-0.160918523063099,1.26583341631311,-0.0145486090680445,-1.42018525829955
323.5,51.5093481731954,-0.160918680174394,1.24733470562599,-0.0214238584088188,-1.45909778804326
324,51.5093537307802,-0.160918746760168,1.23565932347127,-0.0248214122111551,-2.0125801311019
324.5,51.5093593105188,-0.160918905448175,1.22837570544818,-0.0211920716847615,-2.32896278823506
325,51.5093649252848,-0.160919167407173,1.28733994005386,-0.027673796898854,-2.27087840192084
325.5,51.5093706253526,-0.16091940538342,1.24938228161047,-0.0229545647181713,-1.08736970856181
326,51.5093762454752,-0.160919401572083,1.24811657469346,0.0154941018131687,-0.192189929943257
326.5,51.5093818504582,-0.160919421913742,1.27859700546853,-0.00864719540273165,-0.405357604599842
327,51.5093875623823,-0.160919492358845,1.272061971134,-0.0257376429282756,-0.877385130459981
327.5,51.5093932647214,-0.160919643548882,1.23108901759029,-0.00358601808138026,-0.900701117904201
328,51.5093987727024,-0.160919713948976,1.25874826221313,-0.00878448734768648,-1.08757206656481
328.5,51.5094043440278,-0.160919790888753,1.25341018146921,-0.0141605721151985,-1.2682732839743
329,51.5094099014738,-0.16091992280858,1.219055818291,-0.0111799015072663,-1.16593882166915
329.5,51.5094153972726,-0.160920038438734,1.30685454993852,-0.0266148684308078,-0.578979896345391
330,51.5094211853092,-0.160920078393665,1.19078191901082,-0.00617886070942643,-0.303798817266062
330.5,51.5094266179242,-0.160920019866598,1.30684966811429,0.0198388783223401,-0.236491052038259
331,51.5094323114608,-0.160919854776615,1.20152321983406,0.0250998932505381,-0.403920284782734
331.5,51.5094378767673,-0.160919659592518,1.23834776727936,0.035472586830503,-0.508165516112
332,51.5094434150096,-0.160919541240982,1.24811893404912,0.00726597913246624,-1.00465422976252
332.5,51.5094489896185,-0.160919469759472,1.24574705499435,0.00828925869941287,-1.12514435009649
333,51.5094546246257,-0.160919526832993,1.27936570944693,-0.0131516555074233,-1.39321741422893
333.5,51.5094602706722,-0.160919575038727,1.23189002366017,0.000859538416315353,-1.20121462544979
334,51.5094657989356,-0.160919564673188,1.2622186340506,-0.00243287473157041,-1.82745237364317
334.5,51.5094714738974,-0.16091963015795,1.19803021630065,-0.0216899115943104,-1.95218995980253
335,51.5094769039725,-0.16091970060931,1.31097129990057,0.00060395349046035,-1.96217614612276
335.5,51.5094826506563,-0.160919673093143,1.19895279671326,0.0167645569095627,-1.62896788630006
336,51.5094880988781,-0.160919626521948,1.27895806335103,0.0062827167129142,-1.84916720695528
336.5,51.5094937637802,-0.160919498296085,1.20265240882385,0.0046790053311279,-1.70776266355874
337,51.5094992939643,-0.160919482880209,1.27431857738424,0.00240531032061983,-1.58321719203953
337.5,51.5095049461053,-0.160919558932485,1.26674208493298,-0.00359964315902838,-1.8454093062492
338,51.5095105781239,-0.160919515609091,1.2330271896817,0.00180183794437967,-2.21843144263529
338.5,51.5095161560065,-0.16091954838472,1.25046881295746,-0.00917818186593843,-2.43792788675048
339,51.5095216797658,-0.160919578544616,1.25825168001997,0.0409861286713053,-1.1240783240246
339.5,51.5095273222467,-0.160919478366341,1.19545891235602,-0.00856133623698586,-1.03571321519168
340,51.5095327713101,-0.160919532132491,1.28508077180867,-0.0460047826702919,-1.95931084330937
340.5,51.5095384638201,-0.160919672086121,1.23190836093287,0.00776130604533533,-1.62398986852752
341,51.5095440319396,-0.160919563036856,1.23690817492928,0.0269866177024694,-1.27463778822136
341.5,51.5095496531901,-0.160919452008796,1.2609214336114,-0.00635922057340688,-2.34323943628062
342,51.5095553611683,-0.160919514159877,1.24459832349285,-0.00221763853316945,-2.78356171290155
342.5,51.5095609209036,-0.160919587596216,1.29898139269664,0.00868456354290891,-2.17869840686847
343,51.5095666265884,-0.160919559760555,1.22120745695583,-0.0127082571277346,-2.6784288848832
343.5,51.5095721227187,-0.160919566263658,1.24352291092866,0.00547600124550761,-2.18557841067422
344,51.5095776789381,-0.160919720418218,1.25377500386212,-0.040441844143944,-3.21993697548303
344.5,51.509582687518,-0.160919959849111,1.03790684262982,-0.0293190604264609,-2.70952192417101
345,51.5095866333365,-0.160920075745259,0.818458058384465,-0.00545383170051738,-3.04882213003486
345.5,51.5095895808748,-0.160920114731052,0.539011232232876,0.00308065318044105,-2.71780322297051
346,51.5095913065955,-0.160920151898661,0.271088153181268,-0.00339542446417664,-3.12184238527341
346.5,51.5095923769376,-0.160919946209732,0.209947499094945,0.0612698046525098,12.7414201702406
347,51.5095932760983,-0.160919274547367,0.143764594504778,0.103131675170583,28.266393363156
347.5,51.5095939021907,-0.160918446193161,0.231219387628003,0.174338488101957,42.0746156306507
348,51.5095946988143,-0.160917053275985,0.0699735944659653,0.161758200038535,56.4629647982661
348.5,51.5095949773706,-0.160915792426845,0.100045841019556,0.212588680929641,72.598022923415
349,51.5095951367443,-0.160914158429901,-0.0228400508858847,0.23952278342336,88.6501673279611
349.5,51.5095949247,-0.160912499112986,-0.040128190125952,0.223945326290748,103.6451705345
350,51.5095945530863,-0.160911000347383,-0.107874745615334,0.187876880039221,118.20314351319
350.5,51.5095939114173,-0.160909752442224,-0.142221430553197,0.166462446785671,132.925572353002
351,51.5095930692779,-0.160908717984473,-0.190432005126345,0.105478492182645,148.954203139876
351.5,51.5095920476677,-0.160908173069218,-0.262688959258383,0.0838126178942381,163.704864360137
352,51.5095908402617,-0.160907907029603,-0.236640267043075,-0.00972388826084138,179.037595065401
352.5,51.5095891165627,-0.160908034624576,-0.465175752487805,-0.0119870531996894,179.82534987057
353,51.5095862976701,-0.160908247298627,-0.698243275289803,-0.0379090092255318,179.731725372973
353.5,51.5095823740751,-0.160908528806732,-0.998060573601891,-0.0301663661307262,179.685023694178
354,51.5095772429985,-0.160908849144663,-1.1368523872166,-0.0641654398234454,180.511930893939
354.5,51.5095718858575,-0.160909044221766,-1.34803944647606,0.000206734254187824,179.668472963353
355,51.5095660120359,-0.160909103626748,-1.18552684792838,0.000230822487614501,179.278350943106
355.5,51.5095604868509,-0.160909092023069,-1.31495755476839,-0.0207983801417812,179.818663988432
356,51.5095546865724,-0.160909183669819,-1.21941291318933,0.00306487335813543,179.950972958792
356.5,51.509549105067,-0.160909263203246,-1.21554869567155,0.00189690679824529,179.146967943245
357,51.5095434541116,-0.16090931350978,-1.30553618218071,-0.00169317315009757,178.652203091838
357.5,51.5095376102117,-0.160909226708731,-1.22031202941413,-0.00756009145908377,179.189951791225
358,51.5095319786198,-0.160909120085496,-1.31831782361333,0.0359087220643418,178.7615232834
358.5,51.5095261233237,-0.16090886225699,-1.23086052641388,0.0384435565211906,178.761114094002
359,51.5095204315032,-0.160908666533117,-1.26579590889091,0.00998834931747372,179.306118941148
359.5,51.5095147188832,-0.160908555951579,-1.30832798352221,0.0168816083401789,180.095619824355
360,51.5095088829421,-0.160908519787277,-1.24984345406566,0.0155981672948386,180.060608465441
360.5,51.5095031839192,-0.160908467798961,-1.26493055868185,-0.0149527104998868,180.857709093647
361,51.5094974634736,-0.160908593817212,-1.25125863073792,0.0007353880964125,180.290034396364
361.5,51.5094918005847,-0.160908669026847,-1.26807293661401,0.00557364937879131,180.260602377985
362,51.5094860376394,-0.160908650389861,-1.22582391421279,-0.0151583847488361,180.305128089463
362.5,51.5094804743163,-0.160908709387488,-1.30311436192874,-0.00147086714137656,179.881660380208
363,51.5094746334484,-0.16090870071791,-1.223120143569,0.0151199878454857,179.211416435429
363.5,51.5094690437903,-0.160908628289672,-1.23045516739438,0.00234584146136963,179.899120371864
364,51.5094634881372,-0.160908647290758,-1.29315697085128,0.00761502891007896,179.772026897328
364.5,51.5094577016035,-0.160908603362022,-1.18899350400774,0.00689780775695169,179.584683022891
365,51.5094521535334,-0.160908509699486,-1.30594978994114,0.00198541614154934,179.362322599832
365.5,51.5094463604909,-0.160908503404913,-1.24284094212636,0.00990520856736104,179.6838226374
366,51.5094405896942,-0.160908478025075,-1.26833747746713,0.000791024178593704,179.599706736844
366.5,51.5094348931533,-0.160908443960459,-1.27318499331737,0.0393080399212554,178.117578058254
367,51.5094291981671,-0.160908292683113,-1.2261400490727,0.00960390811102189,177.691177652966
367.5,51.5094235618086,-0.160908072194806,-1.24058859405434,0.0181964628891932,177.886349713281
368,51.5094179355327,-0.160907975034641,-1.29009090032561,0.0319069929082822,177.439106584718
368.5,51.5094121738382,-0.160907880951558,-1.20264321885675,0.0217553572451573,177.044304264143
369,51.5094066374895,-0.160907906430618,-1.29392475183115,-0.0238268193102784,177.834033292784
369.5,51.5094008509076,-0.160907882203607,-1.22238740601314,-0.0126803430915541,178.748458218113
370,51.5093952952502,-0.160907872861208,-1.26952386847201,0.00513382142447252,179.314266061296
370.5,51.5093896761096,-0.160907831467064,-1.23918261277849,0.00165643883630845,180.249030128694
371,51.50938405364,-0.160907827164785,-1.21838398159191,0.00863801774966372,180.604780183752
371.5,51.509378493296,-0.160907886212718,-1.22966976241393,-0.0121142878278933,180.843284533821
372,51.5093728756784,-0.160907921608753,-1.23679475905465,0.00274626557553768,180.662790149276
372.5,51.5093673376843,-0.160907989833318,-1.27400558802863,0.00487568573622895,179.806552396759
373,51.5093616029128,-0.160907940260321,-1.18526177593973,0.00693995340697757,179.320897621015
373.5,51.5093561305504,-0.160907794066689,-1.3012096649068,0.0270236950739577,178.560325514778
374,51.5093503470919,-0.160907602350723,-1.17928124030747,0.0203109813859217,178.449455819227
374.5,51.509344855449,-0.160907438375487,-1.30095890640102,0.0346661741050492,178.182619905927
375,51.5093390450379,-0.160907241666566,-1.22338665517111,0.0362208398937473,177.986299227442
375.5,51.5093334474874,-0.160907074126563,-1.24649001308803,0.0214459888637668,177.614860938308
376,51.5093277432667,-0.160906902617069,-1.27367066148638,0.0200071684097611,177.835149822865
376.5,51.5093219963277,-0.160906676330623,-1.28284131544368,-0.00643065026744258,179.446648831455
377,51.5093162768254,-0.160906742695016,-1.19734453857799,0.0260486750703185,179.371027386378
377.5,51.5093107797962,-0.160906621824819,-1.31701723607343,0.00750898026790962,179.168135316783
378,51.5093050104815,-0.160906549690582,-1.20411047963526,-0.00237001128597437,179.456238843425
378.5,51.5092993948827,-0.160906497086741,-1.27587489993434,0.0365402079993678,179.292431901529
379,51.5092937005446,-0.160906338609235,-1.25217950332735,0.0197535598475894,179.49567168148
379.5,51.5092879813483,-0.160906402202092,-1.22516128670321,-0.0279813481444598,179.769029150395
380,51.509282413034,-0.160906600250564,-1.30920185970523,-0.0262488325035976,180.082250834387
380.5,51.5092765688601,-0.16090680109347,-1.22923379007018,-0.0377981754728944,181.420057088292
381,51.5092709808442,-0.160907069483992,-1.27832233435258,-0.0332398318649907,181.580406143379
381.5,51.5092652756781,-0.160907247704872,-1.20238811965138,0.0191497843243176,180.047450532264
382,51.5092596978067,-0.160907327090043,-1.24502528197137,-0.0383254120784241,179.745685735965
382.5,51.5092540731397,-0.160907473491174,-1.30435778326802,-0.0205944663465297,179.668860897327
383,51.5092482774029,-0.160907715208213,-1.20315448068982,-0.0195737289177215,179.203466503073
383.5,51.509243320581,-0.160907715244322,-1.08752697341081,0.00527276724038491,178.086461785773
384,51.5092391963198,-0.160907592479778,-0.821915975159835,0.0105610478321288,177.824388982585
384.5,51.5092361313789,-0.160907514872347,-0.493005615630212,0.0135175507939906,177.781544822752
385,51.509234428694,-0.160907468704805,-0.344100300154394,0.00797697257723166,177.660135405757
385.5,51.5092330036507,-0.160907242117098,-0.191449643103854,0.0595677527845107,160.781635082025
386,51.5092320695757,-0.160906555987076,-0.276912206882621,0.134224467575954,144.861818826554
386.5,51.5092309966498,-0.160905502265274,-0.128968013707855,0.135035119892894,131.598501448714
387,51.5092304498189,-0.160904205545969,-0.152536279312687,0.215068743951039,117.371820905031
387.5,51.5092299449866,-0.160902542078901,-0.0504306304831511,0.258585016630771,102.964616212418
388,51.5092297862531,-0.160900585874501,-0.0177355159104755,0.256784163684687,87.7216584746219
388.5,51.5092298362446,-0.160898759272264,0.0557103106326519,0.256270471189477,73.2051842119595
389,51.5092301633928,-0.160896984652426,0.0933237561076122,0.235317514976573,58.6306188595772
389.5,51.5092307475673,-0.160895587776193,0.167338842022954,0.185224074879213,43.8417161952727
390,51.5092315343383,-0.160894421720881,0.179352824744716,0.12713681513464,28.8746874511851
390.5,51.5092324506659,-0.160893678182071,0.250802666582708,0.101751507586917,14.410401131039
391,51.5092335697704,-0.160893366305075,0.246278331642419,-0.00658285189479671,-1.95800502267549
391.5,51.5092352244486,-0.160893312877218,0.415104844835598,0.0150205629556083,-2.19032622491548
392,51.5092378212295,-0.160893103406674,0.758874090312858,0.0242242914029448,-2.65723214579311
392.5,51.5092417900277,-0.160892967376898,0.892485207258064,0.0287601656020561,-2.64103696994469
393,51.5092465980607,-0.160892913594743,1.21959904828889,0.0125605267565108,-2.10327387444044
393.5,51.509252071985,-0.160892879573984,1.31209256459044,-0.00454857388113534,-2.43878303464832
394,51.5092578024284,-0.160893022243886,1.26329885273329,-0.0292895908212698,-2.42025305684864
394.5,51.5092634659626,-0.160893368753078,1.1935496678306,-0.034888404969222,-2.26958259628691
395,51.5092688381777,-0.160893541071522,1.31828250970337,-0.02745289487712,-2.35237398717666
395.5,51.5092745589496,-0.160893574857989,1.22259789360146,-0.0198548723615195,-3.13515314933462
396,51.5092800899027,-0.160893726327407,1.23864128064893,-0.0363756854920573,-4.20488815255727
396.5,51.5092856288688,-0.160893919303682,1.22209394185038,0.00533164393301593,-3.8532024508673
397,51.5092911433185,-0.16089406506723,1.26835900904792,-0.0200637534069953,-3.88952152679002
397.5,51.5092967391546,-0.160894261591468,1.21288926566923,-0.0171142086364305,-2.80427168174991
398,51.5093022644574,-0.160894406596004,1.24621822007791,-0.0236140159444814,-2.53900598431424
398.5,51.5093078775212,-0.160894517799891,1.24956389915764,-0.0216107332115151,-2.1937327631559
399,51.509313530606,-0.160894717550469,1.28494330702716,-0.0340537622435406,-2.74532130117734
399.5,51.5093191803442,-0.160894866174564,1.25581494587679,-0.00292823176500766,-1.92812556965145
400,51.5093247398443,-0.160894783462083,1.25901720066151,0.0263777398191916,-1.58391209757617
400.5,51.5093303978263,-0.160894731855996,1.22422147914837,-0.000960460686040885,-1.72112408030863
401,51.5093358655207,-0.160894687209959,1.24905518863463,0.0319936172235638,-1.06294142415205
401.5,51.5093414912836,-0.16089455450297,1.23231518016128,-0.0213673709590235,-2.20842440774909
402,51.5093470717639,-0.160894725827249,1.2288061528145,0.00128021294704958,-1.767968403693
402.5,51.50935256073,-0.160894884194998,1.30540065281104,-0.0246013021172367,-2.29916877097012
403,51.5093583238116,-0.160895131006011,1.18495010590043,-0.0601006857270711,-2.84938965715415
403.5,51.5093637324262,-0.160895573063442,1.35718450535733,-0.0323915461725727,-1.99222593781863
404,51.5093695948611,-0.160895871201833,1.14992772060552,-0.0762326652772408,-2.76595961199116
404.5,51.5093749647969,-0.160896252476219,1.31866471560833,-0.0395098431441886,-2.62978610064009
405,51.5093806331938,-0.160896409992562,1.16964479837565,0.0056709253185813,-1.76378551267323
405.5,51.5093860381856,-0.160896472174695,1.25282210582494,-0.0152785982730156,-1.30107310094598
406,51.5093916206756,-0.160896504128493,1.2335571009292,0.017348193266771,-0.0876546159723611
406.5,51.5093971494698,-0.160896435273869,1.25399908711508,-0.0108094071962784,-0.487749129917065
407,51.5094027183366,-0.16089644758201,1.23343882344572,-0.0262513209283497,-1.4341184763151
407.5,51.5094083112365,-0.160896584573118,1.20257937471461,0.0162174344511579,-0.9855294540416
408,51.5094138278306,-0.160896529588939,1.32527812545314,0.00021751729243027,-1.28404511953826
408.5,51.509419599907,-0.16089645814917,1.18249157478617,0.0156586515503108,-1.01100281759771
409,51.5094249656673,-0.160896361255765,1.28701820686179,0.0103614223763926,-1.12253449475556
409.5,51.509430698558,-0.16089621299279,1.20683514001948,0.00235809995154461,-1.98525765476186
410,51.5094362260534,-0.160896188772377,1.26672146416294,0.0214783392556308,-1.82111196454812
410.5,51.5094418068396,-0.16089605204428,1.26078257852611,0.0350602236493055,-1.16835783206987
411,51.5094474243395,-0.160895874624914,1.24448868239751,0.0451584843638182,0.487856871117603
411.5,51.5094529785183,-0.160895597968872,1.21763253351963,-0.00367995443550009,-0.765190323643825
412,51.5094584615824,-0.160895547350308,1.26208835234308,-0.00564145330101672,-1.74051298776315
412.5,51.509464081517,-0.160895480327953,1.23280551610507,0.0354886599329666,-1.72329701993979
413,51.5094695743668,-0.160895274157602,1.25539642955016,0.0517378409318959,-1.10273560983802
413.5,51.5094752140764,-0.160895085061165,1.21618009974568,0.00686294458162762,-1.38033053847823
414,51.5094806667332,-0.160895024557569,1.29135875238302,0.00147852211655606,-1.62522856410984
414.5,51.5094863763367,-0.160895074149194,1.15415761142849,-0.0107734423517078,-1.95747318593371
415,51.5094917019923,-0.160895189653435,1.29233779824595,-0.00460669350606977,-1.02404588844843
415.5,51.5094973787635,-0.160895264997781,1.1940198685812,-0.000608225490112989,-0.937262072308572
416,51.5095028863909,-0.160895377282257,1.29912536035153,-0.035807492917971,-1.18687218092274
416.5,51.5095085256763,-0.16089542674304,1.1903248609576,-0.00799467348077178,-1.63915994262429
417,51.5095139572284,-0.16089556581243,1.25856068330611,-0.0122643482423529,-1.58789109887306
417.5,51.5095195477866,-0.160895789839251,1.20983187643324,-0.0418992681244255,-2.39310489204363
418,51.5095250419182,-0.160895981787992,1.28980060690024,-0.0543722488230602,-3.34809210632775
418.5,51.5095307509634,-0.160896267998146,1.1737971785511,0.0154816271856317,-2.12142639887104
419,51.5095361477052,-0.160896196783225,1.29341440088527,-0.0231022668542822,-2.73847768597693
419.5,51.5095418213365,-0.160896232979016,1.20211764618077,0.00336014393885764,-2.51896624001772
420,51.5095472824037,-0.160896319264078,1.26858380365512,0.0195179430822045,-1.46851066073306
420.5,51.5095528770081,-0.160896206891529,1.21674215927654,-0.000230265396733393,-1.26944960984526
421,51.5095584120223,-0.160896120565242,1.27889301833707,0.0122999557671355,-1.31645954280033
421.5,51.5095640685287,-0.160895964770639,1.19078825867891,-0.00429743335126262,-2.54966982082988
422,51.5095695454178,-0.160896001084912,1.25299286806465,0.0172268030396832,-2.71479893784215
422.5,51.5095744902041,-0.160895985850244,1.07465761060682,0.0082570151297617,-2.41604283455423
423,51.5095785615726,-0.160896049027338,0.763814157878755,-0.0202250605990097,-2.46639131517119
423.5,51.5095813487906,-0.160896211008959,0.589904766795492,-0.00239366471586909,-1.95222046630207
424,51.5095833073637,-0.160896238444113,0.2693878288864,-0.0230979255068431,-3.1190615127858
424.5,51.5095841758382,-0.16089637831655,0.161592518093737,-0.0090436349433029,-3.32181573228797
425,51.5095845458985,-0.160896483537314,-0.0454050491983725,-0.0106950901846535,-2.10078953885245
